name,joindate,current_ts,statement_ts
c061fed6c4,2018-11-19T18:30:00.000Z,2022-11-30T07:16:28.320Z,2022-11-30T07:16:28.320Z
a2e9aef5f4,2018-11-09T18:30:00.000Z,2022-11-30T07:16:28.320Z,2022-11-30T07:16:28.320Z
55d28e1f6d,2019-04-13T18:30:00.000Z,2022-11-30T07:16:28.320Z,2022-11-30T07:16:28.320Z
b352f50226,2019-02-08T18:30:00.000Z,2022-11-30T07:16:28.320Z,2022-11-30T07:16:28.320Z
abe2ae53e2,2018-06-10T18:30:00.000Z,2022-11-30T07:16:28.320Z,2022-11-30T07:16:28.320Z
285ec23194,2018-04-20T18:30:00.000Z,2022-11-30T07:16:28.320Z,2022-11-30T07:16:28.320Z
8b917a1dbf,2019-04-06T18:30:00.000Z,2022-11-30T07:16:28.320Z,2022-11-30T07:16:28.320Z
64d97b1138,2018-05-12T18:30:00.000Z,2022-11-30T07:16:28.320Z,2022-11-30T07:16:28.320Z
ec202c079e,2018-05-11T18:30:00.000Z,2022-11-30T07:16:28.320Z,2022-11-30T07:16:28.320Z
0bde66ecee,2018-12-14T18:30:00.000Z,2022-11-30T07:16:28.320Z,2022-11-30T07:16:28.320Z
ebc8d7a1ff,2019-02-12T18:30:00.000Z,2022-11-30T07:16:28.320Z,2022-11-30T07:16:28.320Z
30957c2031,2019-10-09T18:30:00.000Z,2022-11-30T07:16:28.320Z,2022-11-30T07:16:28.320Z
ad2d1a7cec,2018-09-02T18:30:00.000Z,2022-11-30T07:16:28.320Z,2022-11-30T07:16:28.320Z
379e166dcc,2018-05-23T18:30:00.000Z,2022-11-30T07:16:28.320Z,2022-11-30T07:16:28.320Z
89417cfb0b,2018-01-15T18:30:00.000Z,2022-11-30T07:16:28.320Z,2022-11-30T07:16:28.320Z
1859e17ee5,2019-04-18T18:30:00.000Z,2022-11-30T07:16:28.320Z,2022-11-30T07:16:28.320Z
6fc4472020,2019-08-08T18:30:00.000Z,2022-11-30T07:16:28.320Z,2022-11-30T07:16:28.320Z
1a20443033,2018-08-16T18:30:00.000Z,2022-11-30T07:16:28.320Z,2022-11-30T07:16:28.320Z
8f1c2453df,2018-08-03T18:30:00.000Z,2022-11-30T07:16:28.320Z,2022-11-30T07:16:28.320Z
55890c7227,2019-10-02T18:30:00.000Z,2022-11-30T07:16:28.320Z,2022-11-30T07:16:28.320Z
9a0b1c243c,2018-06-27T18:30:00.000Z,2022-11-30T07:16:28.320Z,2022-11-30T07:16:28.320Z
9fb03d3722,2019-10-13T18:30:00.000Z,2022-11-30T07:16:28.320Z,2022-11-30T07:16:28.320Z
6bdf6adc39,2019-01-16T18:30:00.000Z,2022-11-30T07:16:28.320Z,2022-11-30T07:16:28.320Z
876e3252ad,2019-06-08T18:30:00.000Z,2022-11-30T07:16:28.320Z,2022-11-30T07:16:28.320Z
c231852ae2,2018-03-08T18:30:00.000Z,2022-11-30T07:16:28.320Z,2022-11-30T07:16:28.320Z
984c526b40,2018-04-04T18:30:00.000Z,2022-11-30T07:16:28.320Z,2022-11-30T07:16:28.320Z
e7b4eef926,2018-11-09T18:30:00.000Z,2022-11-30T07:16:28.320Z,2022-11-30T07:16:28.320Z
29a4cff59d,2019-01-24T18:30:00.000Z,2022-11-30T07:16:28.320Z,2022-11-30T07:16:28.320Z
31a5cf5f7d,2018-05-04T18:30:00.000Z,2022-11-30T07:16:28.320Z,2022-11-30T07:16:28.320Z
459683972f,2018-02-23T18:30:00.000Z,2022-11-30T07:16:28.320Z,2022-11-30T07:16:28.320Z
45812f97e0,2019-02-03T18:30:00.000Z,2022-11-30T07:16:28.320Z,2022-11-30T07:16:28.320Z
9f5e9c5664,2019-02-20T18:30:00.000Z,2022-11-30T07:16:28.320Z,2022-11-30T07:16:28.320Z
6054d0dfa5,2019-01-04T18:30:00.000Z,2022-11-30T07:16:28.320Z,2022-11-30T07:16:28.320Z
799a467743,2018-09-19T18:30:00.000Z,2022-11-30T07:16:28.320Z,2022-11-30T07:16:28.320Z
f96a4079a3,2018-04-04T18:30:00.000Z,2022-11-30T07:16:28.320Z,2022-11-30T07:16:28.320Z
6da3ad2157,2018-05-09T18:30:00.000Z,2022-11-30T07:16:28.320Z,2022-11-30T07:16:28.320Z
4c3b8873e0,2018-06-06T18:30:00.000Z,2022-11-30T07:16:28.320Z,2022-11-30T07:16:28.320Z
c6f74aa9a9,2018-07-26T18:30:00.000Z,2022-11-30T07:16:28.320Z,2022-11-30T07:16:28.320Z
97fa93fb01,2018-09-14T18:30:00.000Z,2022-11-30T07:16:28.320Z,2022-11-30T07:16:28.320Z
cfa8a32d2a,2019-03-15T18:30:00.000Z,2022-11-30T07:16:28.320Z,2022-11-30T07:16:28.320Z
5ee26a540c,2018-09-18T18:30:00.000Z,2022-11-30T07:16:28.320Z,2022-11-30T07:16:28.320Z
4a24bd51d7,2019-03-12T18:30:00.000Z,2022-11-30T07:16:28.320Z,2022-11-30T07:16:28.320Z
7fbc446be9,2018-06-22T18:30:00.000Z,2022-11-30T07:16:28.320Z,2022-11-30T07:16:28.320Z
f7deb5c3d1,2018-01-25T18:30:00.000Z,2022-11-30T07:16:28.320Z,2022-11-30T07:16:28.320Z
62899a33ff,2019-07-20T18:30:00.000Z,2022-11-30T07:16:28.320Z,2022-11-30T07:16:28.320Z
acadac90d0,2019-03-31T18:30:00.000Z,2022-11-30T07:16:28.320Z,2022-11-30T07:16:28.320Z
802e417514,2019-02-22T18:30:00.000Z,2022-11-30T07:16:28.320Z,2022-11-30T07:16:28.320Z
86f6f43b43,2019-02-28T18:30:00.000Z,2022-11-30T07:16:28.320Z,2022-11-30T07:16:28.320Z
99cbe37079,2018-03-13T18:30:00.000Z,2022-11-30T07:16:28.320Z,2022-11-30T07:16:28.320Z
fca38b4395,2018-08-09T18:30:00.000Z,2022-11-30T07:16:28.320Z,2022-11-30T07:16:28.320Z
e739d36a96,2019-04-16T18:30:00.000Z,2022-11-30T07:16:28.320Z,2022-11-30T07:16:28.320Z
0a8c3169d6,2019-05-13T18:30:00.000Z,2022-11-30T07:16:28.320Z,2022-11-30T07:16:28.320Z
05a7897cb4,2018-05-10T18:30:00.000Z,2022-11-30T07:16:28.320Z,2022-11-30T07:16:28.320Z
9098521965,2019-07-28T18:30:00.000Z,2022-11-30T07:16:28.320Z,2022-11-30T07:16:28.320Z
3553b122f2,2019-08-09T18:30:00.000Z,2022-11-30T07:16:28.320Z,2022-11-30T07:16:28.320Z
c210b081c7,2018-09-19T18:30:00.000Z,2022-11-30T07:16:28.320Z,2022-11-30T07:16:28.320Z
276ae1806f,2018-05-10T18:30:00.000Z,2022-11-30T07:16:28.320Z,2022-11-30T07:16:28.320Z
c8456f373a,2018-08-19T18:30:00.000Z,2022-11-30T07:16:28.320Z,2022-11-30T07:16:28.320Z
22aeb92dac,2018-10-17T18:30:00.000Z,2022-11-30T07:16:28.320Z,2022-11-30T07:16:28.320Z
869ca68139,2018-07-24T18:30:00.000Z,2022-11-30T07:16:28.320Z,2022-11-30T07:16:28.320Z
5950024207,2018-03-30T18:30:00.000Z,2022-11-30T07:16:28.320Z,2022-11-30T07:16:28.320Z
03dcbbab3b,2019-03-22T18:30:00.000Z,2022-11-30T07:16:28.320Z,2022-11-30T07:16:28.320Z
1756a47c2c,2018-12-29T18:30:00.000Z,2022-11-30T07:16:28.320Z,2022-11-30T07:16:28.320Z
76d0f31430,2019-03-18T18:30:00.000Z,2022-11-30T07:16:28.320Z,2022-11-30T07:16:28.320Z
e3e89830f0,2019-06-13T18:30:00.000Z,2022-11-30T07:16:28.320Z,2022-11-30T07:16:28.320Z
0ebf2efd6f,2019-04-10T18:30:00.000Z,2022-11-30T07:16:28.320Z,2022-11-30T07:16:28.320Z
9ccab66c26,2019-01-13T18:30:00.000Z,2022-11-30T07:16:28.320Z,2022-11-30T07:16:28.320Z
babb4b8075,2018-05-13T18:30:00.000Z,2022-11-30T07:16:28.320Z,2022-11-30T07:16:28.320Z
83c622d40e,2018-02-24T18:30:00.000Z,2022-11-30T07:16:28.320Z,2022-11-30T07:16:28.320Z
42be4238ef,2019-06-27T18:30:00.000Z,2022-11-30T07:16:28.320Z,2022-11-30T07:16:28.320Z
b0652f359e,2019-10-26T18:30:00.000Z,2022-11-30T07:16:28.320Z,2022-11-30T07:16:28.320Z
bce1f0fe3e,2018-10-26T18:30:00.000Z,2022-11-30T07:16:28.320Z,2022-11-30T07:16:28.320Z
09362f9e54,2018-04-27T18:30:00.000Z,2022-11-30T07:16:28.320Z,2022-11-30T07:16:28.320Z
4adb1fbca3,2019-05-03T18:30:00.000Z,2022-11-30T07:16:28.320Z,2022-11-30T07:16:28.320Z
224e2f2f87,2018-06-27T18:30:00.000Z,2022-11-30T07:16:28.320Z,2022-11-30T07:16:28.320Z
acba441bcf,2018-01-09T18:30:00.000Z,2022-11-30T07:16:28.320Z,2022-11-30T07:16:28.320Z
5840eec0ae,2018-10-10T18:30:00.000Z,2022-11-30T07:16:28.320Z,2022-11-30T07:16:28.320Z
a1e0eca2a0,2019-06-13T18:30:00.000Z,2022-11-30T07:16:28.320Z,2022-11-30T07:16:28.320Z
45706b91d6,2018-08-08T18:30:00.000Z,2022-11-30T07:16:28.320Z,2022-11-30T07:16:28.320Z
a4fc19833a,2018-07-22T18:30:00.000Z,2022-11-30T07:16:28.320Z,2022-11-30T07:16:28.320Z
04c8379913,2019-03-10T18:30:00.000Z,2022-11-30T07:16:28.320Z,2022-11-30T07:16:28.320Z
4e66f52782,2019-06-16T18:30:00.000Z,2022-11-30T07:16:28.320Z,2022-11-30T07:16:28.320Z
17155e96bc,2019-02-28T18:30:00.000Z,2022-11-30T07:16:28.320Z,2022-11-30T07:16:28.320Z
aa5f530b99,2018-01-02T18:30:00.000Z,2022-11-30T07:16:28.320Z,2022-11-30T07:16:28.320Z
bdd5ad8511,2018-12-25T18:30:00.000Z,2022-11-30T07:16:28.320Z,2022-11-30T07:16:28.320Z
b58c647275,2019-02-19T18:30:00.000Z,2022-11-30T07:16:28.320Z,2022-11-30T07:16:28.320Z
fbd39095da,2019-07-07T18:30:00.000Z,2022-11-30T07:16:28.320Z,2022-11-30T07:16:28.320Z
626284875d,2018-05-03T18:30:00.000Z,2022-11-30T07:16:28.320Z,2022-11-30T07:16:28.320Z
cc2ec7131e,2018-08-14T18:30:00.000Z,2022-11-30T07:16:28.320Z,2022-11-30T07:16:28.320Z
d72c5ae433,2018-01-12T18:30:00.000Z,2022-11-30T07:16:28.320Z,2022-11-30T07:16:28.320Z
1abd212cf4,2019-02-28T18:30:00.000Z,2022-11-30T07:16:28.320Z,2022-11-30T07:16:28.320Z
3bc757eec1,2019-08-18T18:30:00.000Z,2022-11-30T07:16:28.320Z,2022-11-30T07:16:28.320Z
fc19eb90a4,2019-11-20T18:30:00.000Z,2022-11-30T07:16:28.320Z,2022-11-30T07:16:28.320Z
cca2a7ba33,2019-05-16T18:30:00.000Z,2022-11-30T07:16:28.320Z,2022-11-30T07:16:28.320Z
1a7fc89bc4,2018-04-27T18:30:00.000Z,2022-11-30T07:16:28.320Z,2022-11-30T07:16:28.320Z
49a0f9ac37,2019-04-06T18:30:00.000Z,2022-11-30T07:16:28.320Z,2022-11-30T07:16:28.320Z
c5d62a72d1,2019-09-21T18:30:00.000Z,2022-11-30T07:16:28.320Z,2022-11-30T07:16:28.320Z
70ba1a4101,2019-09-17T18:30:00.000Z,2022-11-30T07:16:28.320Z,2022-11-30T07:16:28.320Z
d38d91605d,2019-06-22T18:30:00.000Z,2022-11-30T07:16:28.320Z,2022-11-30T07:16:28.320Z
9f73d05dd6,2019-10-13T18:30:00.000Z,2022-11-30T07:16:28.320Z,2022-11-30T07:16:28.320Z
8ff0a92242,2019-11-27T18:30:00.000Z,2022-11-30T07:16:28.322Z,2022-11-30T07:16:28.322Z
a3c84ff798,2018-01-16T18:30:00.000Z,2022-11-30T07:16:28.322Z,2022-11-30T07:16:28.322Z
9d9d667600,2019-03-15T18:30:00.000Z,2022-11-30T07:16:28.322Z,2022-11-30T07:16:28.322Z
d6f4f466c6,2018-01-28T18:30:00.000Z,2022-11-30T07:16:28.322Z,2022-11-30T07:16:28.322Z
d8f520cb14,2019-11-25T18:30:00.000Z,2022-11-30T07:16:28.322Z,2022-11-30T07:16:28.322Z
201aecf92b,2019-01-04T18:30:00.000Z,2022-11-30T07:16:28.322Z,2022-11-30T07:16:28.322Z
79c41bd0d6,2018-09-06T18:30:00.000Z,2022-11-30T07:16:28.322Z,2022-11-30T07:16:28.322Z
f286656c12,2018-07-06T18:30:00.000Z,2022-11-30T07:16:28.322Z,2022-11-30T07:16:28.322Z
b75cbdebc0,2019-03-30T18:30:00.000Z,2022-11-30T07:16:28.322Z,2022-11-30T07:16:28.322Z
86dcc29190,2018-04-30T18:30:00.000Z,2022-11-30T07:16:28.322Z,2022-11-30T07:16:28.322Z
1b3d16d1db,2019-02-11T18:30:00.000Z,2022-11-30T07:16:28.322Z,2022-11-30T07:16:28.322Z
43c4edf06e,2018-07-27T18:30:00.000Z,2022-11-30T07:16:28.322Z,2022-11-30T07:16:28.322Z
7c0539a3d9,2018-07-15T18:30:00.000Z,2022-11-30T07:16:28.322Z,2022-11-30T07:16:28.322Z
0f4a235344,2018-01-04T18:30:00.000Z,2022-11-30T07:16:28.322Z,2022-11-30T07:16:28.322Z
2b440ff6d9,2019-08-06T18:30:00.000Z,2022-11-30T07:16:28.322Z,2022-11-30T07:16:28.322Z
ba67efa002,2019-06-22T18:30:00.000Z,2022-11-30T07:16:28.322Z,2022-11-30T07:16:28.322Z
48f32a58c8,2018-02-03T18:30:00.000Z,2022-11-30T07:16:28.322Z,2022-11-30T07:16:28.322Z
abc1773701,2018-12-13T18:30:00.000Z,2022-11-30T07:16:28.322Z,2022-11-30T07:16:28.322Z
2cafdb227d,2019-05-01T18:30:00.000Z,2022-11-30T07:16:28.322Z,2022-11-30T07:16:28.322Z
a10a8c468b,2018-02-12T18:30:00.000Z,2022-11-30T07:16:28.322Z,2022-11-30T07:16:28.322Z
2f597e8093,2018-09-05T18:30:00.000Z,2022-11-30T07:16:28.322Z,2022-11-30T07:16:28.322Z
7e00faa8e9,2018-08-29T18:30:00.000Z,2022-11-30T07:16:28.322Z,2022-11-30T07:16:28.322Z
ca6a2fed05,2018-08-09T18:30:00.000Z,2022-11-30T07:16:28.322Z,2022-11-30T07:16:28.322Z
2ceeb999f5,2019-01-11T18:30:00.000Z,2022-11-30T07:16:28.322Z,2022-11-30T07:16:28.322Z
99027ba46d,2018-04-16T18:30:00.000Z,2022-11-30T07:16:28.322Z,2022-11-30T07:16:28.322Z
0e595b256d,2018-03-27T18:30:00.000Z,2022-11-30T07:16:28.322Z,2022-11-30T07:16:28.322Z
af37031a9e,2018-12-15T18:30:00.000Z,2022-11-30T07:16:28.322Z,2022-11-30T07:16:28.322Z
8147155545,2018-01-25T18:30:00.000Z,2022-11-30T07:16:28.322Z,2022-11-30T07:16:28.322Z
92367cc592,2018-04-24T18:30:00.000Z,2022-11-30T07:16:28.322Z,2022-11-30T07:16:28.322Z
fcb0b38c62,2018-12-02T18:30:00.000Z,2022-11-30T07:16:28.322Z,2022-11-30T07:16:28.322Z
45e45dfd40,2018-01-10T18:30:00.000Z,2022-11-30T07:16:28.322Z,2022-11-30T07:16:28.322Z
96a1ab9f4f,2018-08-13T18:30:00.000Z,2022-11-30T07:16:28.322Z,2022-11-30T07:16:28.322Z
c7855d7d3e,2019-07-11T18:30:00.000Z,2022-11-30T07:16:28.322Z,2022-11-30T07:16:28.322Z
c5e3681c00,2018-05-17T18:30:00.000Z,2022-11-30T07:16:28.322Z,2022-11-30T07:16:28.322Z
f1b15361c4,2018-06-21T18:30:00.000Z,2022-11-30T07:16:28.322Z,2022-11-30T07:16:28.322Z
ed823040ca,2019-01-05T18:30:00.000Z,2022-11-30T07:16:28.322Z,2022-11-30T07:16:28.322Z
8a599d380e,2019-11-27T18:30:00.000Z,2022-11-30T07:16:28.322Z,2022-11-30T07:16:28.322Z
75cc97657f,2019-05-27T18:30:00.000Z,2022-11-30T07:16:28.322Z,2022-11-30T07:16:28.322Z
755a51ba0c,2019-11-08T18:30:00.000Z,2022-11-30T07:16:28.322Z,2022-11-30T07:16:28.322Z
4451705490,2018-09-18T18:30:00.000Z,2022-11-30T07:16:28.322Z,2022-11-30T07:16:28.322Z
a355173e36,2018-10-31T18:30:00.000Z,2022-11-30T07:16:28.322Z,2022-11-30T07:16:28.322Z
599cd41fbd,2018-07-14T18:30:00.000Z,2022-11-30T07:16:28.322Z,2022-11-30T07:16:28.322Z
c11bec438b,2019-09-14T18:30:00.000Z,2022-11-30T07:16:28.322Z,2022-11-30T07:16:28.322Z
444780dc71,2018-02-03T18:30:00.000Z,2022-11-30T07:16:28.322Z,2022-11-30T07:16:28.322Z
510220a1db,2018-05-08T18:30:00.000Z,2022-11-30T07:16:28.322Z,2022-11-30T07:16:28.322Z
eee575e97b,2018-12-19T18:30:00.000Z,2022-11-30T07:16:28.322Z,2022-11-30T07:16:28.322Z
3a7ef07d70,2019-01-21T18:30:00.000Z,2022-11-30T07:16:28.322Z,2022-11-30T07:16:28.322Z
048a532a53,2018-08-02T18:30:00.000Z,2022-11-30T07:16:28.322Z,2022-11-30T07:16:28.322Z
99b0edca9f,2018-11-01T18:30:00.000Z,2022-11-30T07:16:28.322Z,2022-11-30T07:16:28.322Z
5f2256953f,2018-08-25T18:30:00.000Z,2022-11-30T07:16:28.322Z,2022-11-30T07:16:28.322Z
75d887db2a,2018-08-19T18:30:00.000Z,2022-11-30T07:16:28.322Z,2022-11-30T07:16:28.322Z
f63628ff99,2018-03-17T18:30:00.000Z,2022-11-30T07:16:28.322Z,2022-11-30T07:16:28.322Z
bb8dc78221,2018-01-09T18:30:00.000Z,2022-11-30T07:16:28.322Z,2022-11-30T07:16:28.322Z
0395fdd312,2018-05-12T18:30:00.000Z,2022-11-30T07:16:28.322Z,2022-11-30T07:16:28.322Z
181eef0ae8,2019-02-03T18:30:00.000Z,2022-11-30T07:16:28.322Z,2022-11-30T07:16:28.322Z
de8cafafae,2019-05-15T18:30:00.000Z,2022-11-30T07:16:28.322Z,2022-11-30T07:16:28.322Z
d8ed38da8f,2018-01-13T18:30:00.000Z,2022-11-30T07:16:28.322Z,2022-11-30T07:16:28.322Z
b72e00ba20,2019-09-10T18:30:00.000Z,2022-11-30T07:16:28.322Z,2022-11-30T07:16:28.322Z
531457aa26,2018-08-30T18:30:00.000Z,2022-11-30T07:16:28.322Z,2022-11-30T07:16:28.322Z
ebb1590b0f,2019-04-25T18:30:00.000Z,2022-11-30T07:16:28.322Z,2022-11-30T07:16:28.322Z
3a684cd41f,2019-01-05T18:30:00.000Z,2022-11-30T07:16:28.322Z,2022-11-30T07:16:28.322Z
c5d11580af,2018-12-31T18:30:00.000Z,2022-11-30T07:16:28.322Z,2022-11-30T07:16:28.322Z
db891190b5,2019-10-10T18:30:00.000Z,2022-11-30T07:16:28.322Z,2022-11-30T07:16:28.322Z
962ec837d1,2019-03-23T18:30:00.000Z,2022-11-30T07:16:28.322Z,2022-11-30T07:16:28.322Z
32d9966bab,2018-04-24T18:30:00.000Z,2022-11-30T07:16:28.322Z,2022-11-30T07:16:28.322Z
654747797b,2018-04-20T18:30:00.000Z,2022-11-30T07:16:28.322Z,2022-11-30T07:16:28.322Z
8ca001d458,2019-07-24T18:30:00.000Z,2022-11-30T07:16:28.322Z,2022-11-30T07:16:28.322Z
b21c8b4d1a,2018-01-03T18:30:00.000Z,2022-11-30T07:16:28.322Z,2022-11-30T07:16:28.322Z
df399dd93f,2018-05-09T18:30:00.000Z,2022-11-30T07:16:28.322Z,2022-11-30T07:16:28.322Z
973e04e08b,2019-09-10T18:30:00.000Z,2022-11-30T07:16:28.322Z,2022-11-30T07:16:28.322Z
269e8fa0b1,2018-03-31T18:30:00.000Z,2022-11-30T07:16:28.322Z,2022-11-30T07:16:28.322Z
6e8ab3d523,2018-04-16T18:30:00.000Z,2022-11-30T07:16:28.322Z,2022-11-30T07:16:28.322Z
72d146e914,2018-02-17T18:30:00.000Z,2022-11-30T07:16:28.322Z,2022-11-30T07:16:28.322Z
c7e9439079,2018-12-03T18:30:00.000Z,2022-11-30T07:16:28.322Z,2022-11-30T07:16:28.322Z
2cbe8b972a,2018-04-21T18:30:00.000Z,2022-11-30T07:16:28.322Z,2022-11-30T07:16:28.322Z
e439e59dd8,2019-02-04T18:30:00.000Z,2022-11-30T07:16:28.322Z,2022-11-30T07:16:28.322Z
ee1e271d09,2019-02-07T18:30:00.000Z,2022-11-30T07:16:28.322Z,2022-11-30T07:16:28.322Z
682840c72e,2018-07-04T18:30:00.000Z,2022-11-30T07:16:28.322Z,2022-11-30T07:16:28.322Z
9312e9e186,2018-05-23T18:30:00.000Z,2022-11-30T07:16:28.322Z,2022-11-30T07:16:28.322Z
88cbd54c80,2019-03-16T18:30:00.000Z,2022-11-30T07:16:28.322Z,2022-11-30T07:16:28.322Z
7487dad301,2018-01-05T18:30:00.000Z,2022-11-30T07:16:28.322Z,2022-11-30T07:16:28.322Z
64cfdbb825,2018-03-10T18:30:00.000Z,2022-11-30T07:16:28.322Z,2022-11-30T07:16:28.322Z
bac89218c8,2018-04-07T18:30:00.000Z,2022-11-30T07:16:28.322Z,2022-11-30T07:16:28.322Z
926c218e09,2019-03-17T18:30:00.000Z,2022-11-30T07:16:28.322Z,2022-11-30T07:16:28.322Z
ca900b8644,2019-04-18T18:30:00.000Z,2022-11-30T07:16:28.322Z,2022-11-30T07:16:28.322Z
f715985161,2019-09-30T18:30:00.000Z,2022-11-30T07:16:28.322Z,2022-11-30T07:16:28.322Z
aea0bd8e2d,2019-05-21T18:30:00.000Z,2022-11-30T07:16:28.322Z,2022-11-30T07:16:28.322Z
45a8679255,2018-12-18T18:30:00.000Z,2022-11-30T07:16:28.322Z,2022-11-30T07:16:28.322Z
3cf3f27507,2019-03-18T18:30:00.000Z,2022-11-30T07:16:28.322Z,2022-11-30T07:16:28.322Z
abfe703ec1,2018-04-25T18:30:00.000Z,2022-11-30T07:16:28.322Z,2022-11-30T07:16:28.322Z
edc41b9561,2018-09-23T18:30:00.000Z,2022-11-30T07:16:28.322Z,2022-11-30T07:16:28.322Z
434856a294,2018-12-02T18:30:00.000Z,2022-11-30T07:16:28.322Z,2022-11-30T07:16:28.322Z
059a9310fb,2018-08-04T18:30:00.000Z,2022-11-30T07:16:28.322Z,2022-11-30T07:16:28.322Z
e76f71b853,2019-08-28T18:30:00.000Z,2022-11-30T07:16:28.322Z,2022-11-30T07:16:28.322Z
a14be12802,2019-11-28T18:30:00.000Z,2022-11-30T07:16:28.322Z,2022-11-30T07:16:28.322Z
1b8e3a9d85,2019-01-21T18:30:00.000Z,2022-11-30T07:16:28.322Z,2022-11-30T07:16:28.322Z
2272f12a5f,2018-03-10T18:30:00.000Z,2022-11-30T07:16:28.322Z,2022-11-30T07:16:28.322Z
649fb0bef6,2019-05-16T18:30:00.000Z,2022-11-30T07:16:28.322Z,2022-11-30T07:16:28.322Z
2c715c83e0,2018-08-07T18:30:00.000Z,2022-11-30T07:16:28.322Z,2022-11-30T07:16:28.322Z
7b68ea938a,2018-08-03T18:30:00.000Z,2022-11-30T07:16:28.322Z,2022-11-30T07:16:28.322Z
cac735c5ab,2019-07-18T18:30:00.000Z,2022-11-30T07:16:28.324Z,2022-11-30T07:16:28.324Z
0a33c740c2,2019-09-16T18:30:00.000Z,2022-11-30T07:16:28.324Z,2022-11-30T07:16:28.324Z
ca077279c5,2019-05-11T18:30:00.000Z,2022-11-30T07:16:28.324Z,2022-11-30T07:16:28.324Z
8006d00213,2018-01-14T18:30:00.000Z,2022-11-30T07:16:28.324Z,2022-11-30T07:16:28.324Z
55cd80fa50,2019-01-27T18:30:00.000Z,2022-11-30T07:16:28.324Z,2022-11-30T07:16:28.324Z
58cf8cfdba,2019-06-11T18:30:00.000Z,2022-11-30T07:16:28.324Z,2022-11-30T07:16:28.324Z
5278d38fb9,2018-09-19T18:30:00.000Z,2022-11-30T07:16:28.324Z,2022-11-30T07:16:28.324Z
2131f632c4,2018-12-03T18:30:00.000Z,2022-11-30T07:16:28.324Z,2022-11-30T07:16:28.324Z
57d108c00c,2018-02-03T18:30:00.000Z,2022-11-30T07:16:28.324Z,2022-11-30T07:16:28.324Z
e67dd80bd5,2019-01-21T18:30:00.000Z,2022-11-30T07:16:28.324Z,2022-11-30T07:16:28.324Z
c362210af1,2018-12-18T18:30:00.000Z,2022-11-30T07:16:28.324Z,2022-11-30T07:16:28.324Z
197520d0ee,2018-03-30T18:30:00.000Z,2022-11-30T07:16:28.324Z,2022-11-30T07:16:28.324Z
c6048fa4da,2019-08-31T18:30:00.000Z,2022-11-30T07:16:28.324Z,2022-11-30T07:16:28.324Z
ebab6e7a9b,2019-06-30T18:30:00.000Z,2022-11-30T07:16:28.324Z,2022-11-30T07:16:28.324Z
1758430fc4,2019-04-02T18:30:00.000Z,2022-11-30T07:16:28.324Z,2022-11-30T07:16:28.324Z
4e4625b3c0,2018-11-30T18:30:00.000Z,2022-11-30T07:16:28.324Z,2022-11-30T07:16:28.324Z
c2a31113ba,2018-09-12T18:30:00.000Z,2022-11-30T07:16:28.324Z,2022-11-30T07:16:28.324Z
f3d2fbfe26,2018-09-23T18:30:00.000Z,2022-11-30T07:16:28.324Z,2022-11-30T07:16:28.324Z
60a7043e51,2018-07-11T18:30:00.000Z,2022-11-30T07:16:28.324Z,2022-11-30T07:16:28.324Z
c294db3fbf,2019-06-14T18:30:00.000Z,2022-11-30T07:16:28.324Z,2022-11-30T07:16:28.324Z
a0968ca3ed,2019-02-22T18:30:00.000Z,2022-11-30T07:16:28.324Z,2022-11-30T07:16:28.324Z
6519cb4296,2018-11-07T18:30:00.000Z,2022-11-30T07:16:28.324Z,2022-11-30T07:16:28.324Z
8080d3d2a9,2018-09-07T18:30:00.000Z,2022-11-30T07:16:28.324Z,2022-11-30T07:16:28.324Z
e3fbe2e2a6,2019-08-18T18:30:00.000Z,2022-11-30T07:16:28.324Z,2022-11-30T07:16:28.324Z
910d10ae5d,2019-11-16T18:30:00.000Z,2022-11-30T07:16:28.324Z,2022-11-30T07:16:28.324Z
e651bf94b3,2018-10-26T18:30:00.000Z,2022-11-30T07:16:28.324Z,2022-11-30T07:16:28.324Z
0948a49ec5,2018-05-31T18:30:00.000Z,2022-11-30T07:16:28.324Z,2022-11-30T07:16:28.324Z
67022e2171,2018-10-01T18:30:00.000Z,2022-11-30T07:16:28.324Z,2022-11-30T07:16:28.324Z
79ce842d3e,2019-04-05T18:30:00.000Z,2022-11-30T07:16:28.324Z,2022-11-30T07:16:28.324Z
af3841c095,2018-03-08T18:30:00.000Z,2022-11-30T07:16:28.324Z,2022-11-30T07:16:28.324Z
91e77dd7e5,2019-06-06T18:30:00.000Z,2022-11-30T07:16:28.324Z,2022-11-30T07:16:28.324Z
15a2e03c4b,2019-10-20T18:30:00.000Z,2022-11-30T07:16:28.324Z,2022-11-30T07:16:28.324Z
7030f8d915,2019-11-12T18:30:00.000Z,2022-11-30T07:16:28.324Z,2022-11-30T07:16:28.324Z
38c6878e80,2019-03-25T18:30:00.000Z,2022-11-30T07:16:28.324Z,2022-11-30T07:16:28.324Z
8f69740866,2019-08-28T18:30:00.000Z,2022-11-30T07:16:28.324Z,2022-11-30T07:16:28.324Z
41bc13b05d,2019-02-06T18:30:00.000Z,2022-11-30T07:16:28.324Z,2022-11-30T07:16:28.324Z
1c4520b340,2018-04-17T18:30:00.000Z,2022-11-30T07:16:28.324Z,2022-11-30T07:16:28.324Z
495eeda586,2018-10-26T18:30:00.000Z,2022-11-30T07:16:28.324Z,2022-11-30T07:16:28.324Z
38cc1f79e9,2018-10-28T18:30:00.000Z,2022-11-30T07:16:28.324Z,2022-11-30T07:16:28.324Z
7a988df21f,2018-06-20T18:30:00.000Z,2022-11-30T07:16:28.324Z,2022-11-30T07:16:28.324Z
c095c1b257,2019-11-12T18:30:00.000Z,2022-11-30T07:16:28.324Z,2022-11-30T07:16:28.324Z
3182c0af05,2019-08-06T18:30:00.000Z,2022-11-30T07:16:28.324Z,2022-11-30T07:16:28.324Z
25e7cd6d5d,2019-04-29T18:30:00.000Z,2022-11-30T07:16:28.324Z,2022-11-30T07:16:28.324Z
e79606b8e1,2018-11-20T18:30:00.000Z,2022-11-30T07:16:28.324Z,2022-11-30T07:16:28.324Z
18ccced8cf,2018-07-03T18:30:00.000Z,2022-11-30T07:16:28.324Z,2022-11-30T07:16:28.324Z
b6b4f93bcd,2018-12-28T18:30:00.000Z,2022-11-30T07:16:28.324Z,2022-11-30T07:16:28.324Z
586a5b88cb,2018-04-30T18:30:00.000Z,2022-11-30T07:16:28.324Z,2022-11-30T07:16:28.324Z
d469f041c1,2019-02-27T18:30:00.000Z,2022-11-30T07:16:28.324Z,2022-11-30T07:16:28.324Z
32a5eb1c91,2018-01-03T18:30:00.000Z,2022-11-30T07:16:28.324Z,2022-11-30T07:16:28.324Z
686fbd6b68,2018-06-04T18:30:00.000Z,2022-11-30T07:16:28.324Z,2022-11-30T07:16:28.324Z
a26c80976e,2019-11-07T18:30:00.000Z,2022-11-30T07:16:28.324Z,2022-11-30T07:16:28.324Z
442bdc18bb,2018-07-15T18:30:00.000Z,2022-11-30T07:16:28.324Z,2022-11-30T07:16:28.324Z
5290a98095,2018-06-21T18:30:00.000Z,2022-11-30T07:16:28.324Z,2022-11-30T07:16:28.324Z
8736f439f5,2019-10-12T18:30:00.000Z,2022-11-30T07:16:28.324Z,2022-11-30T07:16:28.324Z
90be0e0556,2019-02-21T18:30:00.000Z,2022-11-30T07:16:28.324Z,2022-11-30T07:16:28.324Z
21f8a8bec4,2019-04-11T18:30:00.000Z,2022-11-30T07:16:28.324Z,2022-11-30T07:16:28.324Z
8c916f8c2e,2018-06-10T18:30:00.000Z,2022-11-30T07:16:28.324Z,2022-11-30T07:16:28.324Z
a1dc1f11f6,2019-07-01T18:30:00.000Z,2022-11-30T07:16:28.324Z,2022-11-30T07:16:28.324Z
cc24695bed,2019-11-07T18:30:00.000Z,2022-11-30T07:16:28.324Z,2022-11-30T07:16:28.324Z
e925c0160f,2019-04-29T18:30:00.000Z,2022-11-30T07:16:28.324Z,2022-11-30T07:16:28.324Z
05e2638e13,2019-09-30T18:30:00.000Z,2022-11-30T07:16:28.324Z,2022-11-30T07:16:28.324Z
ff9285c14f,2019-04-21T18:30:00.000Z,2022-11-30T07:16:28.324Z,2022-11-30T07:16:28.324Z
d2b349b42f,2018-11-05T18:30:00.000Z,2022-11-30T07:16:28.324Z,2022-11-30T07:16:28.324Z
b954a4acbb,2018-07-02T18:30:00.000Z,2022-11-30T07:16:28.324Z,2022-11-30T07:16:28.324Z
ba5d8bbee2,2019-01-17T18:30:00.000Z,2022-11-30T07:16:28.324Z,2022-11-30T07:16:28.324Z
e245434235,2019-09-10T18:30:00.000Z,2022-11-30T07:16:28.324Z,2022-11-30T07:16:28.324Z
2b6eac7698,2019-06-11T18:30:00.000Z,2022-11-30T07:16:28.324Z,2022-11-30T07:16:28.324Z
40e31cb146,2018-10-31T18:30:00.000Z,2022-11-30T07:16:28.324Z,2022-11-30T07:16:28.324Z
7bb40c32be,2018-03-25T18:30:00.000Z,2022-11-30T07:16:28.324Z,2022-11-30T07:16:28.324Z
25ac2c182d,2018-06-22T18:30:00.000Z,2022-11-30T07:16:28.324Z,2022-11-30T07:16:28.324Z
f63155d72d,2018-06-30T18:30:00.000Z,2022-11-30T07:16:28.324Z,2022-11-30T07:16:28.324Z
19ab5ac7fd,2019-04-12T18:30:00.000Z,2022-11-30T07:16:28.324Z,2022-11-30T07:16:28.324Z
8d6cd70cbb,2018-05-18T18:30:00.000Z,2022-11-30T07:16:28.324Z,2022-11-30T07:16:28.324Z
a495bb539a,2019-11-21T18:30:00.000Z,2022-11-30T07:16:28.324Z,2022-11-30T07:16:28.324Z
cc9491a1fa,2018-02-18T18:30:00.000Z,2022-11-30T07:16:28.324Z,2022-11-30T07:16:28.324Z
e94d80a669,2019-05-24T18:30:00.000Z,2022-11-30T07:16:28.324Z,2022-11-30T07:16:28.324Z
b48997da8a,2018-04-18T18:30:00.000Z,2022-11-30T07:16:28.324Z,2022-11-30T07:16:28.324Z
d7876f38a6,2019-10-14T18:30:00.000Z,2022-11-30T07:16:28.324Z,2022-11-30T07:16:28.324Z
73d7ee55cc,2019-04-28T18:30:00.000Z,2022-11-30T07:16:28.324Z,2022-11-30T07:16:28.324Z
bf4b5bd463,2019-09-06T18:30:00.000Z,2022-11-30T07:16:28.324Z,2022-11-30T07:16:28.324Z
f184b9bdc2,2019-10-08T18:30:00.000Z,2022-11-30T07:16:28.324Z,2022-11-30T07:16:28.324Z
1026001351,2018-08-27T18:30:00.000Z,2022-11-30T07:16:28.324Z,2022-11-30T07:16:28.324Z
d229cd8140,2018-03-15T18:30:00.000Z,2022-11-30T07:16:28.324Z,2022-11-30T07:16:28.324Z
641200609f,2018-07-16T18:30:00.000Z,2022-11-30T07:16:28.324Z,2022-11-30T07:16:28.324Z
237cf57706,2018-02-02T18:30:00.000Z,2022-11-30T07:16:28.324Z,2022-11-30T07:16:28.324Z
f327180982,2018-06-02T18:30:00.000Z,2022-11-30T07:16:28.324Z,2022-11-30T07:16:28.324Z
5380efdd37,2019-05-24T18:30:00.000Z,2022-11-30T07:16:28.324Z,2022-11-30T07:16:28.324Z
4174bc4f03,2018-09-05T18:30:00.000Z,2022-11-30T07:16:28.324Z,2022-11-30T07:16:28.324Z
b145c0461a,2018-07-30T18:30:00.000Z,2022-11-30T07:16:28.324Z,2022-11-30T07:16:28.324Z
2c550c544b,2019-11-09T18:30:00.000Z,2022-11-30T07:16:28.324Z,2022-11-30T07:16:28.324Z
e750ff4e18,2018-04-23T18:30:00.000Z,2022-11-30T07:16:28.324Z,2022-11-30T07:16:28.324Z
300822840f,2019-10-30T18:30:00.000Z,2022-11-30T07:16:28.324Z,2022-11-30T07:16:28.324Z
84404adc00,2018-05-09T18:30:00.000Z,2022-11-30T07:16:28.324Z,2022-11-30T07:16:28.324Z
4e59ebc6fc,2019-11-18T18:30:00.000Z,2022-11-30T07:16:28.324Z,2022-11-30T07:16:28.324Z
56df73eb92,2019-02-25T18:30:00.000Z,2022-11-30T07:16:28.324Z,2022-11-30T07:16:28.324Z
c138c61681,2019-09-28T18:30:00.000Z,2022-11-30T07:16:28.324Z,2022-11-30T07:16:28.324Z
926b7646dc,2018-07-04T18:30:00.000Z,2022-11-30T07:16:28.324Z,2022-11-30T07:16:28.324Z
85fec1783b,2018-09-14T18:30:00.000Z,2022-11-30T07:16:28.324Z,2022-11-30T07:16:28.324Z
da93fe3134,2018-12-03T18:30:00.000Z,2022-11-30T07:16:28.324Z,2022-11-30T07:16:28.324Z
cf8d3edabc,2018-08-23T18:30:00.000Z,2022-11-30T07:16:28.324Z,2022-11-30T07:16:28.324Z
9901daeac2,2019-07-07T18:30:00.000Z,2022-11-30T07:16:28.327Z,2022-11-30T07:16:28.327Z
dc15158f6b,2019-04-04T18:30:00.000Z,2022-11-30T07:16:28.327Z,2022-11-30T07:16:28.327Z
e39855587e,2018-05-10T18:30:00.000Z,2022-11-30T07:16:28.327Z,2022-11-30T07:16:28.327Z
5c224f6cd3,2019-03-25T18:30:00.000Z,2022-11-30T07:16:28.327Z,2022-11-30T07:16:28.327Z
1871b12ca1,2019-11-21T18:30:00.000Z,2022-11-30T07:16:28.327Z,2022-11-30T07:16:28.327Z
f6600d1352,2019-06-03T18:30:00.000Z,2022-11-30T07:16:28.327Z,2022-11-30T07:16:28.327Z
be46235711,2019-06-22T18:30:00.000Z,2022-11-30T07:16:28.327Z,2022-11-30T07:16:28.327Z
ebb29e8ee9,2019-08-14T18:30:00.000Z,2022-11-30T07:16:28.327Z,2022-11-30T07:16:28.327Z
60957e1579,2018-03-03T18:30:00.000Z,2022-11-30T07:16:28.327Z,2022-11-30T07:16:28.327Z
374bf7bc59,2019-06-01T18:30:00.000Z,2022-11-30T07:16:28.327Z,2022-11-30T07:16:28.327Z
7f721b21c0,2018-02-18T18:30:00.000Z,2022-11-30T07:16:28.327Z,2022-11-30T07:16:28.327Z
9ad19a1013,2018-04-01T18:30:00.000Z,2022-11-30T07:16:28.327Z,2022-11-30T07:16:28.327Z
d8c2dc664d,2019-03-07T18:30:00.000Z,2022-11-30T07:16:28.327Z,2022-11-30T07:16:28.327Z
43cfe0b8bb,2019-04-24T18:30:00.000Z,2022-11-30T07:16:28.327Z,2022-11-30T07:16:28.327Z
4bc2517d0d,2018-04-19T18:30:00.000Z,2022-11-30T07:16:28.327Z,2022-11-30T07:16:28.327Z
45e5fe40a0,2018-03-15T18:30:00.000Z,2022-11-30T07:16:28.327Z,2022-11-30T07:16:28.327Z
0c078202b1,2018-07-03T18:30:00.000Z,2022-11-30T07:16:28.327Z,2022-11-30T07:16:28.327Z
ef515defa8,2018-06-12T18:30:00.000Z,2022-11-30T07:16:28.327Z,2022-11-30T07:16:28.327Z
f4e3e14ec0,2019-04-20T18:30:00.000Z,2022-11-30T07:16:28.327Z,2022-11-30T07:16:28.327Z
9e2164bb04,2018-07-13T18:30:00.000Z,2022-11-30T07:16:28.327Z,2022-11-30T07:16:28.327Z
865a21d398,2019-01-10T18:30:00.000Z,2022-11-30T07:16:28.327Z,2022-11-30T07:16:28.327Z
4945547f12,2019-02-13T18:30:00.000Z,2022-11-30T07:16:28.327Z,2022-11-30T07:16:28.327Z
e34b7b80ad,2019-03-31T18:30:00.000Z,2022-11-30T07:16:28.327Z,2022-11-30T07:16:28.327Z
4967244145,2019-04-26T18:30:00.000Z,2022-11-30T07:16:28.327Z,2022-11-30T07:16:28.327Z
68338a4705,2018-12-28T18:30:00.000Z,2022-11-30T07:16:28.327Z,2022-11-30T07:16:28.327Z
bcada5418c,2019-09-09T18:30:00.000Z,2022-11-30T07:16:28.327Z,2022-11-30T07:16:28.327Z
bc50883516,2018-03-16T18:30:00.000Z,2022-11-30T07:16:28.327Z,2022-11-30T07:16:28.327Z
8d707c0db5,2018-12-10T18:30:00.000Z,2022-11-30T07:16:28.327Z,2022-11-30T07:16:28.327Z
560b3b0d59,2018-03-27T18:30:00.000Z,2022-11-30T07:16:28.327Z,2022-11-30T07:16:28.327Z
73e190ac46,2018-06-13T18:30:00.000Z,2022-11-30T07:16:28.327Z,2022-11-30T07:16:28.327Z
e529033026,2018-08-14T18:30:00.000Z,2022-11-30T07:16:28.327Z,2022-11-30T07:16:28.327Z
a70e5fd806,2018-11-24T18:30:00.000Z,2022-11-30T07:16:28.327Z,2022-11-30T07:16:28.327Z
240c1df7f7,2019-08-11T18:30:00.000Z,2022-11-30T07:16:28.327Z,2022-11-30T07:16:28.327Z
5323d538c3,2018-08-24T18:30:00.000Z,2022-11-30T07:16:28.327Z,2022-11-30T07:16:28.327Z
bda643c13a,2019-01-21T18:30:00.000Z,2022-11-30T07:16:28.327Z,2022-11-30T07:16:28.327Z
255d5edfbf,2018-04-13T18:30:00.000Z,2022-11-30T07:16:28.327Z,2022-11-30T07:16:28.327Z
7e09fa35db,2018-05-31T18:30:00.000Z,2022-11-30T07:16:28.327Z,2022-11-30T07:16:28.327Z
6434e92220,2018-09-29T18:30:00.000Z,2022-11-30T07:16:28.327Z,2022-11-30T07:16:28.327Z
43894d2515,2019-06-18T18:30:00.000Z,2022-11-30T07:16:28.327Z,2022-11-30T07:16:28.327Z
8fbecf1ad8,2018-06-06T18:30:00.000Z,2022-11-30T07:16:28.327Z,2022-11-30T07:16:28.327Z
eeabc1f654,2018-07-18T18:30:00.000Z,2022-11-30T07:16:28.327Z,2022-11-30T07:16:28.327Z
1e1a3395da,2019-02-28T18:30:00.000Z,2022-11-30T07:16:28.327Z,2022-11-30T07:16:28.327Z
78ec71d49c,2018-11-28T18:30:00.000Z,2022-11-30T07:16:28.327Z,2022-11-30T07:16:28.327Z
400ef00b5c,2018-12-02T18:30:00.000Z,2022-11-30T07:16:28.327Z,2022-11-30T07:16:28.327Z
684005269f,2019-06-02T18:30:00.000Z,2022-11-30T07:16:28.327Z,2022-11-30T07:16:28.327Z
9fc5a7bf5c,2018-06-20T18:30:00.000Z,2022-11-30T07:16:28.327Z,2022-11-30T07:16:28.327Z
fcc6f2daa5,2019-01-29T18:30:00.000Z,2022-11-30T07:16:28.327Z,2022-11-30T07:16:28.327Z
c73fc1510b,2018-05-11T18:30:00.000Z,2022-11-30T07:16:28.327Z,2022-11-30T07:16:28.327Z
3f2a42c04f,2019-08-30T18:30:00.000Z,2022-11-30T07:16:28.327Z,2022-11-30T07:16:28.327Z
a35a14ae5f,2018-09-19T18:30:00.000Z,2022-11-30T07:16:28.327Z,2022-11-30T07:16:28.327Z
78ae48cf4b,2019-10-02T18:30:00.000Z,2022-11-30T07:16:28.327Z,2022-11-30T07:16:28.327Z
63f38d91bd,2018-08-28T18:30:00.000Z,2022-11-30T07:16:28.327Z,2022-11-30T07:16:28.327Z
af18b9b172,2018-05-21T18:30:00.000Z,2022-11-30T07:16:28.327Z,2022-11-30T07:16:28.327Z
9139f2fdca,2018-03-09T18:30:00.000Z,2022-11-30T07:16:28.327Z,2022-11-30T07:16:28.327Z
4e7cde6783,2019-08-20T18:30:00.000Z,2022-11-30T07:16:28.327Z,2022-11-30T07:16:28.327Z
2d53c979d1,2019-04-19T18:30:00.000Z,2022-11-30T07:16:28.327Z,2022-11-30T07:16:28.327Z
6fa4b685dd,2018-10-03T18:30:00.000Z,2022-11-30T07:16:28.327Z,2022-11-30T07:16:28.327Z
290283c8fe,2018-03-17T18:30:00.000Z,2022-11-30T07:16:28.327Z,2022-11-30T07:16:28.327Z
a50e0ae731,2019-02-03T18:30:00.000Z,2022-11-30T07:16:28.327Z,2022-11-30T07:16:28.327Z
b5aa139a13,2018-12-30T18:30:00.000Z,2022-11-30T07:16:28.327Z,2022-11-30T07:16:28.327Z
2649ad611d,2018-01-05T18:30:00.000Z,2022-11-30T07:16:28.327Z,2022-11-30T07:16:28.327Z
7afc377417,2019-03-31T18:30:00.000Z,2022-11-30T07:16:28.327Z,2022-11-30T07:16:28.327Z
63bc50c4b4,2018-04-28T18:30:00.000Z,2022-11-30T07:16:28.327Z,2022-11-30T07:16:28.327Z
7c0a875070,2018-02-17T18:30:00.000Z,2022-11-30T07:16:28.327Z,2022-11-30T07:16:28.327Z
c57cfbe584,2019-08-02T18:30:00.000Z,2022-11-30T07:16:28.327Z,2022-11-30T07:16:28.327Z
357ac3b655,2018-01-14T18:30:00.000Z,2022-11-30T07:16:28.327Z,2022-11-30T07:16:28.327Z
7b8130414e,2019-01-31T18:30:00.000Z,2022-11-30T07:16:28.327Z,2022-11-30T07:16:28.327Z
ac7a1977ce,2018-12-14T18:30:00.000Z,2022-11-30T07:16:28.327Z,2022-11-30T07:16:28.327Z
6bbc306459,2019-07-24T18:30:00.000Z,2022-11-30T07:16:28.327Z,2022-11-30T07:16:28.327Z
222cbe756a,2019-05-20T18:30:00.000Z,2022-11-30T07:16:28.327Z,2022-11-30T07:16:28.327Z
3484b92057,2018-04-13T18:30:00.000Z,2022-11-30T07:16:28.327Z,2022-11-30T07:16:28.327Z
38bb74c61c,2019-04-11T18:30:00.000Z,2022-11-30T07:16:28.327Z,2022-11-30T07:16:28.327Z
f96dbfd2fc,2019-11-21T18:30:00.000Z,2022-11-30T07:16:28.327Z,2022-11-30T07:16:28.327Z
01efaf458c,2018-06-28T18:30:00.000Z,2022-11-30T07:16:28.327Z,2022-11-30T07:16:28.327Z
cf3175afa1,2018-01-26T18:30:00.000Z,2022-11-30T07:16:28.327Z,2022-11-30T07:16:28.327Z
b464cc162f,2019-09-08T18:30:00.000Z,2022-11-30T07:16:28.327Z,2022-11-30T07:16:28.327Z
c94c3b5f96,2018-09-18T18:30:00.000Z,2022-11-30T07:16:28.327Z,2022-11-30T07:16:28.327Z
87c432b0cb,2018-08-21T18:30:00.000Z,2022-11-30T07:16:28.327Z,2022-11-30T07:16:28.327Z
a4df4756c6,2019-08-12T18:30:00.000Z,2022-11-30T07:16:28.327Z,2022-11-30T07:16:28.327Z
fc2861c22f,2018-07-09T18:30:00.000Z,2022-11-30T07:16:28.327Z,2022-11-30T07:16:28.327Z
a7959d3eaa,2019-05-04T18:30:00.000Z,2022-11-30T07:16:28.327Z,2022-11-30T07:16:28.327Z
d1220114fa,2019-10-27T18:30:00.000Z,2022-11-30T07:16:28.327Z,2022-11-30T07:16:28.327Z
db7ebee4e6,2019-10-09T18:30:00.000Z,2022-11-30T07:16:28.327Z,2022-11-30T07:16:28.327Z
9913aba781,2019-09-15T18:30:00.000Z,2022-11-30T07:16:28.327Z,2022-11-30T07:16:28.327Z
439e2a6d52,2019-01-27T18:30:00.000Z,2022-11-30T07:16:28.327Z,2022-11-30T07:16:28.327Z
5a60ff4f6a,2018-10-28T18:30:00.000Z,2022-11-30T07:16:28.327Z,2022-11-30T07:16:28.327Z
394acfa982,2019-04-12T18:30:00.000Z,2022-11-30T07:16:28.327Z,2022-11-30T07:16:28.327Z
d112f8168e,2019-01-01T18:30:00.000Z,2022-11-30T07:16:28.327Z,2022-11-30T07:16:28.327Z
8587535d3f,2019-05-17T18:30:00.000Z,2022-11-30T07:16:28.327Z,2022-11-30T07:16:28.327Z
17ebfcbafd,2019-11-11T18:30:00.000Z,2022-11-30T07:16:28.327Z,2022-11-30T07:16:28.327Z
b6f930051d,2019-03-17T18:30:00.000Z,2022-11-30T07:16:28.327Z,2022-11-30T07:16:28.327Z
551a8681a6,2019-02-22T18:30:00.000Z,2022-11-30T07:16:28.327Z,2022-11-30T07:16:28.327Z
015c5dd1c5,2019-02-01T18:30:00.000Z,2022-11-30T07:16:28.327Z,2022-11-30T07:16:28.327Z
083a074b5e,2019-05-04T18:30:00.000Z,2022-11-30T07:16:28.327Z,2022-11-30T07:16:28.327Z
76acda55f0,2018-06-18T18:30:00.000Z,2022-11-30T07:16:28.327Z,2022-11-30T07:16:28.327Z
b23ff23659,2018-06-29T18:30:00.000Z,2022-11-30T07:16:28.327Z,2022-11-30T07:16:28.327Z
63f1d35a70,2019-11-16T18:30:00.000Z,2022-11-30T07:16:28.327Z,2022-11-30T07:16:28.327Z
9a26dafc29,2018-12-22T18:30:00.000Z,2022-11-30T07:16:28.327Z,2022-11-30T07:16:28.327Z
7aa2e99b2d,2018-10-31T18:30:00.000Z,2022-11-30T07:16:28.327Z,2022-11-30T07:16:28.327Z
0e139e66a0,2019-08-05T18:30:00.000Z,2022-11-30T07:16:28.327Z,2022-11-30T07:16:28.327Z
3a46df7f37,2018-11-16T18:30:00.000Z,2022-11-30T07:16:28.329Z,2022-11-30T07:16:28.329Z
cefbe881f0,2018-06-18T18:30:00.000Z,2022-11-30T07:16:28.329Z,2022-11-30T07:16:28.329Z
4ebc9ce48a,2019-04-02T18:30:00.000Z,2022-11-30T07:16:28.329Z,2022-11-30T07:16:28.329Z
c92417b100,2018-12-21T18:30:00.000Z,2022-11-30T07:16:28.329Z,2022-11-30T07:16:28.329Z
69e3379665,2018-02-10T18:30:00.000Z,2022-11-30T07:16:28.329Z,2022-11-30T07:16:28.329Z
8a2b905447,2019-08-02T18:30:00.000Z,2022-11-30T07:16:28.329Z,2022-11-30T07:16:28.329Z
479768b63f,2019-07-11T18:30:00.000Z,2022-11-30T07:16:28.329Z,2022-11-30T07:16:28.329Z
6e5c2e50eb,2019-10-16T18:30:00.000Z,2022-11-30T07:16:28.329Z,2022-11-30T07:16:28.329Z
cd37aa7506,2019-01-01T18:30:00.000Z,2022-11-30T07:16:28.329Z,2022-11-30T07:16:28.329Z
eda46e2964,2018-03-02T18:30:00.000Z,2022-11-30T07:16:28.329Z,2022-11-30T07:16:28.329Z
2964df6708,2019-09-29T18:30:00.000Z,2022-11-30T07:16:28.329Z,2022-11-30T07:16:28.329Z
292e86c55b,2019-09-08T18:30:00.000Z,2022-11-30T07:16:28.329Z,2022-11-30T07:16:28.329Z
770bf900ac,2019-09-09T18:30:00.000Z,2022-11-30T07:16:28.329Z,2022-11-30T07:16:28.329Z
5acc9a6b9c,2019-08-12T18:30:00.000Z,2022-11-30T07:16:28.329Z,2022-11-30T07:16:28.329Z
8952a0977e,2019-11-07T18:30:00.000Z,2022-11-30T07:16:28.329Z,2022-11-30T07:16:28.329Z
3198ab5044,2019-07-14T18:30:00.000Z,2022-11-30T07:16:28.329Z,2022-11-30T07:16:28.329Z
6d1e5c107a,2018-05-08T18:30:00.000Z,2022-11-30T07:16:28.329Z,2022-11-30T07:16:28.329Z
8376cc44c5,2019-06-28T18:30:00.000Z,2022-11-30T07:16:28.329Z,2022-11-30T07:16:28.329Z
754072246b,2019-02-27T18:30:00.000Z,2022-11-30T07:16:28.329Z,2022-11-30T07:16:28.329Z
9b5a2046e0,2018-10-11T18:30:00.000Z,2022-11-30T07:16:28.329Z,2022-11-30T07:16:28.329Z
c383186e2f,2018-01-20T18:30:00.000Z,2022-11-30T07:16:28.329Z,2022-11-30T07:16:28.329Z
275d9bfa90,2018-08-25T18:30:00.000Z,2022-11-30T07:16:28.329Z,2022-11-30T07:16:28.329Z
1f0f5db1e3,2018-12-26T18:30:00.000Z,2022-11-30T07:16:28.329Z,2022-11-30T07:16:28.329Z
63edf79c5f,2019-08-14T18:30:00.000Z,2022-11-30T07:16:28.329Z,2022-11-30T07:16:28.329Z
294c94eb51,2018-09-03T18:30:00.000Z,2022-11-30T07:16:28.329Z,2022-11-30T07:16:28.329Z
03a23add68,2018-12-25T18:30:00.000Z,2022-11-30T07:16:28.329Z,2022-11-30T07:16:28.329Z
9f99b684e6,2018-02-03T18:30:00.000Z,2022-11-30T07:16:28.329Z,2022-11-30T07:16:28.329Z
19450b45bb,2018-04-03T18:30:00.000Z,2022-11-30T07:16:28.329Z,2022-11-30T07:16:28.329Z
74d7e4f6ad,2018-06-06T18:30:00.000Z,2022-11-30T07:16:28.329Z,2022-11-30T07:16:28.329Z
b285d36785,2019-11-21T18:30:00.000Z,2022-11-30T07:16:28.329Z,2022-11-30T07:16:28.329Z
9ee8d0822e,2019-05-12T18:30:00.000Z,2022-11-30T07:16:28.329Z,2022-11-30T07:16:28.329Z
871f5ae940,2019-08-30T18:30:00.000Z,2022-11-30T07:16:28.329Z,2022-11-30T07:16:28.329Z
eeaec25c7f,2018-12-19T18:30:00.000Z,2022-11-30T07:16:28.329Z,2022-11-30T07:16:28.329Z
55d3043e0c,2019-03-02T18:30:00.000Z,2022-11-30T07:16:28.329Z,2022-11-30T07:16:28.329Z
6e77b959b6,2018-10-23T18:30:00.000Z,2022-11-30T07:16:28.329Z,2022-11-30T07:16:28.329Z
31b32d5140,2018-01-24T18:30:00.000Z,2022-11-30T07:16:28.329Z,2022-11-30T07:16:28.329Z
9d066e75ac,2019-08-11T18:30:00.000Z,2022-11-30T07:16:28.329Z,2022-11-30T07:16:28.329Z
2bab831f3c,2018-11-28T18:30:00.000Z,2022-11-30T07:16:28.329Z,2022-11-30T07:16:28.329Z
e4881f8b8f,2019-08-28T18:30:00.000Z,2022-11-30T07:16:28.329Z,2022-11-30T07:16:28.329Z
f9a572ba06,2019-11-01T18:30:00.000Z,2022-11-30T07:16:28.329Z,2022-11-30T07:16:28.329Z
4590340048,2019-09-03T18:30:00.000Z,2022-11-30T07:16:28.329Z,2022-11-30T07:16:28.329Z
1f275b6496,2018-06-13T18:30:00.000Z,2022-11-30T07:16:28.329Z,2022-11-30T07:16:28.329Z
9a9f320157,2019-04-13T18:30:00.000Z,2022-11-30T07:16:28.329Z,2022-11-30T07:16:28.329Z
19e2a39058,2018-01-18T18:30:00.000Z,2022-11-30T07:16:28.329Z,2022-11-30T07:16:28.329Z
ece1e6d448,2018-11-29T18:30:00.000Z,2022-11-30T07:16:28.329Z,2022-11-30T07:16:28.329Z
55d43d167d,2018-10-20T18:30:00.000Z,2022-11-30T07:16:28.329Z,2022-11-30T07:16:28.329Z
039ee12626,2018-02-03T18:30:00.000Z,2022-11-30T07:16:28.329Z,2022-11-30T07:16:28.329Z
59ddba1b7a,2019-09-05T18:30:00.000Z,2022-11-30T07:16:28.329Z,2022-11-30T07:16:28.329Z
4f4db4e15b,2018-12-29T18:30:00.000Z,2022-11-30T07:16:28.329Z,2022-11-30T07:16:28.329Z
7bf5eea5be,2019-04-24T18:30:00.000Z,2022-11-30T07:16:28.329Z,2022-11-30T07:16:28.329Z
6487ea54f3,2018-05-12T18:30:00.000Z,2022-11-30T07:16:28.329Z,2022-11-30T07:16:28.329Z
1c1eb22ada,2018-03-31T18:30:00.000Z,2022-11-30T07:16:28.329Z,2022-11-30T07:16:28.329Z
d1253fd31b,2019-11-20T18:30:00.000Z,2022-11-30T07:16:28.329Z,2022-11-30T07:16:28.329Z
0e702738ac,2019-08-31T18:30:00.000Z,2022-11-30T07:16:28.329Z,2022-11-30T07:16:28.329Z
4bc74d0fc7,2019-08-05T18:30:00.000Z,2022-11-30T07:16:28.329Z,2022-11-30T07:16:28.329Z
58b15533eb,2019-02-18T18:30:00.000Z,2022-11-30T07:16:28.329Z,2022-11-30T07:16:28.329Z
df9ef4a434,2018-05-10T18:30:00.000Z,2022-11-30T07:16:28.329Z,2022-11-30T07:16:28.329Z
fd9441c219,2019-04-10T18:30:00.000Z,2022-11-30T07:16:28.329Z,2022-11-30T07:16:28.329Z
e051aadc74,2019-02-19T18:30:00.000Z,2022-11-30T07:16:28.329Z,2022-11-30T07:16:28.329Z
5805a7bc08,2018-03-21T18:30:00.000Z,2022-11-30T07:16:28.329Z,2022-11-30T07:16:28.329Z
d66be4cdd5,2018-12-07T18:30:00.000Z,2022-11-30T07:16:28.329Z,2022-11-30T07:16:28.329Z
53fd61605c,2019-01-24T18:30:00.000Z,2022-11-30T07:16:28.329Z,2022-11-30T07:16:28.329Z
82d1300e08,2019-10-06T18:30:00.000Z,2022-11-30T07:16:28.329Z,2022-11-30T07:16:28.329Z
4bb704ff66,2019-09-21T18:30:00.000Z,2022-11-30T07:16:28.329Z,2022-11-30T07:16:28.329Z
31927e703f,2018-05-17T18:30:00.000Z,2022-11-30T07:16:28.329Z,2022-11-30T07:16:28.329Z
5e333a6b80,2018-08-24T18:30:00.000Z,2022-11-30T07:16:28.329Z,2022-11-30T07:16:28.329Z
a8b8e5f696,2018-01-19T18:30:00.000Z,2022-11-30T07:16:28.329Z,2022-11-30T07:16:28.329Z
24663cd990,2018-04-03T18:30:00.000Z,2022-11-30T07:16:28.329Z,2022-11-30T07:16:28.329Z
8001f3f3bf,2018-06-15T18:30:00.000Z,2022-11-30T07:16:28.329Z,2022-11-30T07:16:28.329Z
48f66970b1,2018-06-12T18:30:00.000Z,2022-11-30T07:16:28.329Z,2022-11-30T07:16:28.329Z
8d71531331,2019-08-23T18:30:00.000Z,2022-11-30T07:16:28.329Z,2022-11-30T07:16:28.329Z
3a09bc4b47,2018-07-14T18:30:00.000Z,2022-11-30T07:16:28.329Z,2022-11-30T07:16:28.329Z
0cb8fe3220,2019-07-13T18:30:00.000Z,2022-11-30T07:16:28.329Z,2022-11-30T07:16:28.329Z
66adbf8767,2018-03-14T18:30:00.000Z,2022-11-30T07:16:28.329Z,2022-11-30T07:16:28.329Z
2fe5c4ddc6,2019-08-08T18:30:00.000Z,2022-11-30T07:16:28.329Z,2022-11-30T07:16:28.329Z
c21b4a8fbf,2018-05-04T18:30:00.000Z,2022-11-30T07:16:28.329Z,2022-11-30T07:16:28.329Z
dc1e8ca4ca,2018-10-05T18:30:00.000Z,2022-11-30T07:16:28.329Z,2022-11-30T07:16:28.329Z
8864cf86d4,2019-05-16T18:30:00.000Z,2022-11-30T07:16:28.329Z,2022-11-30T07:16:28.329Z
5638fdfd13,2018-05-03T18:30:00.000Z,2022-11-30T07:16:28.329Z,2022-11-30T07:16:28.329Z
f6bf032a92,2018-11-18T18:30:00.000Z,2022-11-30T07:16:28.329Z,2022-11-30T07:16:28.329Z
679908870e,2019-05-14T18:30:00.000Z,2022-11-30T07:16:28.329Z,2022-11-30T07:16:28.329Z
2b39ad90cf,2018-09-20T18:30:00.000Z,2022-11-30T07:16:28.329Z,2022-11-30T07:16:28.329Z
5f1737eb8a,2019-02-28T18:30:00.000Z,2022-11-30T07:16:28.329Z,2022-11-30T07:16:28.329Z
927ac12679,2018-09-27T18:30:00.000Z,2022-11-30T07:16:28.329Z,2022-11-30T07:16:28.329Z
947396dba3,2018-02-26T18:30:00.000Z,2022-11-30T07:16:28.329Z,2022-11-30T07:16:28.329Z
f721a08b87,2018-12-12T18:30:00.000Z,2022-11-30T07:16:28.329Z,2022-11-30T07:16:28.329Z
fa4a2c0596,2019-03-14T18:30:00.000Z,2022-11-30T07:16:28.329Z,2022-11-30T07:16:28.329Z
c96d9b02ec,2018-08-06T18:30:00.000Z,2022-11-30T07:16:28.329Z,2022-11-30T07:16:28.329Z
90f784924c,2019-07-16T18:30:00.000Z,2022-11-30T07:16:28.329Z,2022-11-30T07:16:28.329Z
dd71acf305,2019-07-20T18:30:00.000Z,2022-11-30T07:16:28.329Z,2022-11-30T07:16:28.329Z
52def79909,2019-08-04T18:30:00.000Z,2022-11-30T07:16:28.329Z,2022-11-30T07:16:28.329Z
ec53ed75ff,2019-01-04T18:30:00.000Z,2022-11-30T07:16:28.329Z,2022-11-30T07:16:28.329Z
f0d2c5e8d6,2018-05-31T18:30:00.000Z,2022-11-30T07:16:28.329Z,2022-11-30T07:16:28.329Z
2b7fff363e,2018-01-25T18:30:00.000Z,2022-11-30T07:16:28.329Z,2022-11-30T07:16:28.329Z
92500d4612,2018-10-20T18:30:00.000Z,2022-11-30T07:16:28.329Z,2022-11-30T07:16:28.329Z
f4cad91ee7,2018-01-24T18:30:00.000Z,2022-11-30T07:16:28.329Z,2022-11-30T07:16:28.329Z
0fd780cdcc,2018-03-09T18:30:00.000Z,2022-11-30T07:16:28.329Z,2022-11-30T07:16:28.329Z
622d59e2df,2019-06-11T18:30:00.000Z,2022-11-30T07:16:28.329Z,2022-11-30T07:16:28.329Z
67c93720af,2019-05-30T18:30:00.000Z,2022-11-30T07:16:28.329Z,2022-11-30T07:16:28.329Z
7231352124,2018-05-12T18:30:00.000Z,2022-11-30T07:16:28.329Z,2022-11-30T07:16:28.329Z